unit	arrangements	derivations	seconds
1	205500	12711	23.9
2	205500	12819	42.8
0	205500	13020	43.5
3	205500	12916	23.8
6	205500	13005	24.1
4	205500	12947	43.3
5	205500	12872	43.0
7	205500	12804	23.6
10	205500	12984	24.0
9	205500	12647	42.3
8	205500	13120	43.9
11	205500	12866	23.7
14	205500	12755	23.4
12	205500	12720	42.4
13	205500	13070	43.7
15	205500	12880	23.8
17	205500	12798	34.4
16	205500	12818	42.9
18	205500	12772	28.4
21	205500	12797	23.6
19	205500	12843	42.4
20	205500	12708	42.5
22	205500	12887	23.7
24	205500	12867	35.0
23	205500	12742	42.5
25	205500	12798	30.7
26	205500	12823	23.7
27	205500	12952	43.2
29	205500	12870	23.7
28	205500	12959	43.2
31	205500	12769	23.7
30	205500	12922	43.2
32	205500	12790	42.8
33	205500	13064	24.0
36	205500	12814	23.6
34	205500	12845	42.9
35	205500	12969	43.4
37	205500	13073	24.1
40	205500	12708	23.4
38	205500	12868	42.9
39	205500	12997	43.4
41	205500	12896	23.9
44	205500	12887	23.7
42	205500	12774	42.7
43	205500	12853	43.0
45	205500	12831	23.6
47	205500	12737	24.9
48	205500	12784	37.7
46	205500	12661	43.1
50	205500	12871	24.8
49	205500	12804	39.5
51	205500	12947	44.0
52	205500	12862	24.7
53	205500	12899	43.8
55	205500	12941	24.9
54	205500	12710	43.2
57	205500	12777	24.5
56	205500	13053	44.3
59	205500	12936	24.8
58	205500	12874	43.7
61	205500	12887	24.8
60	205500	12894	43.8
63	205500	12873	24.7
62	205500	12749	43.3
65	205500	12855	24.7
64	205500	12665	43.0
67	205500	12709	24.4
66	205500	12804	43.5
68	205500	12774	43.3
69	205500	12749	24.5
70	205500	12881	43.7
72	205500	12829	24.7
71	205500	12901	43.8
74	205500	12643	24.3
73	205500	12922	43.8
76	205500	12784	24.7
75	205500	12975	44.0
78	205500	12825	24.7
77	205500	12610	42.8
80	205500	12790	24.6
79	205500	12743	43.3
82	205500	12657	24.4
81	205500	12878	43.7
84	205500	13023	25.0
83	205500	12965	44.0
85	205500	13038	44.3
86	205500	12573	24.2
87	205500	12688	43.1
89	205500	12795	24.6
88	205500	12947	43.9
91	205500	12744	24.5
90	205500	12910	25.3
92	205500	12855	43.7
93	205500	12928	43.9
94	205500	13008	25.0
97	205500	13029	25.0
95	205500	12752	43.3
96	205500	12849	43.6
98	205500	12781	24.5
101	205500	12822	24.5
99	205500	12890	43.7
100	205500	12795	43.4
102	205500	12808	24.6
105	205500	12610	24.2
103	205500	12769	43.3
104	205500	12835	43.5
106	205500	12950	24.8
107	205500	12814	43.4
108	205500	12862	43.6
109	205500	12934	24.8
112	205500	13083	25.1
110	205500	12815	43.5
111	205500	12855	43.6
113	205500	12795	24.6
116	205500	12813	25.0
114	205500	12977	44.0
115	205500	12841	43.6
117	205500	12770	24.5
120	205500	12862	24.7
118	205500	12895	43.8
119	205500	12884	43.7
121	205500	12684	24.4
122	205500	12915	43.8
123	205500	12905	43.8
124	205500	12812	24.6
127	205500	12887	24.7
126	205500	12739	43.2
125	205500	12822	43.5
128	205500	12821	24.6
131	205500	12815	24.6
130	205500	12840	43.5
129	205500	12870	43.6
132	205500	12896	24.7
135	205500	12818	24.7
133	205500	12765	43.3
134	205500	12804	43.5
